{
    "root_group": {
        "name": "",
        "path": "",
        "id": "d41d8cd98f00b204e9800998ecf8427e",
        "groups": {},
        "checks": {
                "ws handshake status 101": {
                    "fails": 0,
                    "name": "ws handshake status 101",
                    "path": "::ws handshake status 101",
                    "id": "16f47db1c171bcd7349cfa931c78ca9a",
                    "passes": 163
                }
            }
    },
    "metrics": {
        "iteration_duration": {
            "avg": 31034.96660663292,
            "min": 31013.645967,
            "med": 31030.4635355,
            "max": 31188.057077,
            "p(90)": 31054.3434876,
            "p(95)": 31065.59332385
        },
        "ws_handshake_success": {
            "passes": 163,
            "fails": 0,
            "thresholds": {
                "rate>0.95": false
            },
            "value": 1
        },
        "ws_messages_received": {
            "count": 14440,
            "rate": 125.57904234330427
        },
        "checks": {
            "passes": 163,
            "fails": 0,
            "value": 1
        },
        "iterations": {
            "rate": 1.3740643137286754,
            "count": 158
        },
        "data_sent": {
            "count": 188977,
            "rate": 1643.4591887057209
        },
        "vus": {
            "value": 3,
            "min": 0,
            "max": 100
        },
        "ws_connections_total": {
            "count": 233,
            "rate": 2.0263100322707683
        },
        "ws_heartbeat_rtt_ms": {
            "med": 0,
            "max": 0,
            "p(90)": 0,
            "p(95)": 0,
            "avg": 0,
            "min": 0,
            "thresholds": {
                "p(95)<400": false
            }
        },
        "ws_connecting": {
            "min": 9.676715,
            "med": 27.36521,
            "max": 185.17181,
            "p(90)": 51.84092120000001,
            "p(95)": 57.78538039999995,
            "avg": 31.319447939914163
        },
        "ws_msgs_sent": {
            "count": 1172,
            "rate": 10.19242642841777
        },
        "ws_connect_duration_ms": {
            "p(95)": 57.799999999999955,
            "avg": 31.587982832618025,
            "min": 10,
            "med": 28,
            "max": 186,
            "p(90)": 52,
            "thresholds": {
                "p(95)<700": false
            }
        },
        "ws_msgs_received": {
            "count": 14440,
            "rate": 125.57904234330427
        },
        "vus_max": {
            "value": 100,
            "min": 100,
            "max": 100
        },
        "ws_sessions": {
            "count": 233,
            "rate": 2.0263100322707683
        },
        "ws_errors_total": {
            "count": 0,
            "rate": 0,
            "thresholds": {
                "count<50": false
            }
        },
        "ws_session_duration": {
            "avg": 30033.731487969348,
            "min": 30012.553386,
            "med": 30029.050411,
            "max": 30186.659112,
            "p(90)": 30052.7615984,
            "p(95)": 30063.7467267
        },
        "data_received": {
            "rate": 11105.874815712019,
            "count": 1277035
        }
    }
}